# 98227cc7-8fea-4466-8e4c-4af9fad0a42a,,,,,,
# a3fa675326173f9407a3faaaea427d33741e4eee,,,,,,
# s_m, x_m, y_m, psi_rad, kappa_radpm, vx_mps, ax_mps2
0,-6.3030549,0.6486658,2.8341679,0.0093774,7.1226812,7.2706099
0.0499598,-6.3176115,0.6027775,2.8346845,0.012076,7.1734973,7.0562696
0.0999196,-6.3321714,0.5567861,2.8353313,0.0147286,7.2224734,6.8381363
0.1498793,-6.3467339,0.5106723,2.8361066,0.0173268,7.2696208,6.6162994
0.1998391,-6.3612985,0.464417,2.8370087,0.0198626,7.3149493,6.3910078
0.2497989,-6.3758645,0.4180007,2.8380353,0.0223283,7.3584693,6.1626651
0.2997587,-6.3904314,0.3714043,2.839184,0.0247169,7.400192,5.9318217
0.3497184,-6.4049986,0.3246084,2.8404523,0.0270216,7.4401308,5.699164
0.3996782,-6.4195654,0.2775938,2.8418372,0.0292367,7.4783022,5.4655002
0.449638,-6.4341314,0.2303411,2.8433357,0.0313565,7.5147265,5.2317427
0.4995978,-6.4486959,0.1828312,2.8449445,0.0333764,7.5494283,4.9988894
0.5495576,-6.4632583,0.1350446,2.8466602,0.0352922,7.5824373,4.7680014
0.5995173,-6.477818,0.0869622,2.8484792,0.0371004,7.6137882,4.5401802
0.6494771,-6.4923745,0.0385646,2.8503976,0.038798,7.6435217,4.3165439
0.6994369,-6.506927,-0.0101674,2.8524117,0.040383,7.6716837,4.0982023
0.7493967,-6.5214752,-0.0592531,2.8545173,0.0418536,7.6983259,3.8862337
0.7993565,-6.5360183,-0.1087118,2.8567104,0.0432089,7.7235052,3.6816612
0.8493162,-6.5505557,-0.1585628,2.8589869,0.0444486,7.7472836,3.4854324
0.899276,-6.5650869,-0.2088253,2.8613424,0.0455728,7.7697275,3.2983998
0.9492358,-6.579517,-0.2591878,2.8637567,0.0465539,7.7909075,3.1234699
0.9991956,-6.5922801,-0.3041231,2.8659413,0.0469764,7.8109113,2.994202
1.0491553,-6.6050338,-0.3494042,2.8681609,0.0473855,7.8300393,2.8688142
1.0991151,-6.6177744,-0.3950298,2.870415,0.0477819,7.8483225,2.7472302
1.1490749,-6.6304983,-0.4409985,2.8727033,0.0481664,7.865791,2.6293724
1.1990347,-6.6432021,-0.4873091,2.8750254,0.0485395,7.8824738,2.5151624
1.2489945,-6.655882,-0.5339603,2.8773807,0.0489018,7.898399,2.4045208
1.2989542,-6.6685344,-0.5809507,2.8797691,0.049254,7.9135938,2.2973679
1.348914,-6.681156,-0.6282791,2.8821901,0.0495965,7.9280841,2.1936235
1.3988738,-6.6937429,-0.6759441,2.8846435,0.0499299,7.9418955,2.0932075
1.4488336,-6.7062917,-0.7239445,2.8871288,0.0502546,7.9550523,1.9960397
1.4987933,-6.7187987,-0.7722789,2.8896457,0.050571,7.967578,1.9020404
1.5487531,-6.7312605,-0.8209461,2.8921941,0.0508796,7.9794956,1.8111299
1.5987129,-6.7436733,-0.8699448,2.8947735,0.0511808,7.9908271,1.7232294
1.6486727,-6.7560336,-0.9192736,2.8973838,0.0514749,8.0015937,1.6382605
1.6986325,-6.7683379,-0.9689312,2.9000246,0.0517623,8.0118161,1.5561459
1.7485922,-6.7805825,-1.0189164,2.9026957,0.0520433,8.021514,1.476809
1.798552,-6.7927638,-1.0692279,2.9053969,0.0523182,8.0307066,1.4001741
1.8485118,-6.8048783,-1.1198643,2.9081279,0.0525873,8.0394125,1.3261668
1.8984716,-6.8169225,-1.1708244,2.9108885,0.0528509,8.0476495,1.2547137
1.9484314,-6.8288926,-1.2221068,2.9136785,0.0531093,8.055435,1.1857425
1.9983911,-6.8407852,-1.2737102,2.9164977,0.0533626,8.0627856,1.1191826
2.0483509,-6.8519171,-1.3226276,2.9191715,0.0528243,8.0697175,1.1383774
2.0983107,-6.8623126,-1.3688587,2.9216438,0.0515324,8.0767621,1.2342395
2.1482705,-6.8726447,-1.4153395,2.9240673,0.0502674,8.0843931,1.3210506
2.1982302,-6.8829147,-1.4620696,2.9264426,0.0490286,8.0925528,1.3995351
2.24819,-6.8931236,-1.5090486,2.9287704,0.0478156,8.1011882,1.4703464
2.2981498,-6.9032726,-1.5562762,2.9310514,0.0466277,8.1102508,1.5340758
2.3481096,-6.9133629,-1.603752,2.9332861,0.0454644,8.1196953,1.5912597
2.3980694,-6.9233956,-1.6514756,2.9354754,0.0443251,8.1294803,1.6423861
2.4480291,-6.9333718,-1.6994467,2.9376198,0.0432093,8.1395673,1.6879005
2.4979889,-6.9432927,-1.7476648,2.9397199,0.0421164,8.1499209,1.7282101
2.5479487,-6.9531594,-1.7961297,2.9417763,0.041046,8.1605081,1.7636882
2.5979085,-6.9629731,-1.8448409,2.9437897,0.0399976,8.1712985,1.7946778
2.6478683,-6.9727349,-1.8937981,2.9457607,0.0389706,8.1822639,1.8214946
2.697828,-6.9824459,-1.9430008,2.9476898,0.0379646,8.1933782,1.8444296
2.7477878,-6.9921073,-1.9924488,2.9495777,0.036979,8.204617,1.863752
2.7977476,-7.0017203,-2.0421416,2.9514248,0.0360136,8.215958,1.8797108
2.8477074,-7.0112859,-2.092079,2.9532318,0.0350677,8.2273802,1.8925367
2.8976671,-7.0208054,-2.1422604,2.9549991,0.0341409,8.2388644,1.9024443
2.9476269,-7.0302798,-2.1926855,2.9567274,0.0332329,8.2503926,1.9096328
2.9975867,-7.0397104,-2.2433541,2.9584172,0.0323432,8.2619482,1.9142878
3.0475465,-7.0490981,-2.2942656,2.9600689,0.0314713,8.2735157,1.9165825
3.0975063,-7.0584443,-2.3454197,2.9616831,0.030617,8.285081,-18.6908091
3.147466,-7.06775,-2.3968161,2.9632604,0.0297797,8.1715965,-35.1192808
3.1974258,-7.0770164,-2.4484543,2.9648011,0.0289592,7.9539856,-34.2576251
3.2473856,-7.0861462,-2.4997783,2.9663008,0.0307427,7.735818,-32.7714627
3.2973454,-7.0947509,-2.548613,2.9681803,0.0450208,7.5211947,-31.2082051
3.3473051,-7.1032766,-2.5976407,2.9707724,0.0591265,7.3109548,-29.6150292
3.3972649,-7.1116838,-2.6468454,2.9740736,0.0731186,7.1056976,-28.0254401
3.4472247,-7.119933,-2.6962109,2.9780822,0.0870528,6.9058417,-26.4630558
3.4971845,-7.1279844,-2.7457212,2.9827982,0.1009818,6.7116669,-24.9442306
3.5471443,-7.1357987,-2.7953602,2.9882235,0.1149555,6.523347,-23.4799301
3.597104,-7.1433362,-2.8451118,2.9943615,0.1290214,6.3409741,-22.077101
3.6470638,-7.1505574,-2.8949599,3.0012171,0.143224,6.1645777,-20.7396894
3.6970236,-7.1574227,-2.9448885,3.008797,0.1576056,5.9941402,-19.4694063
3.7469834,-7.1638926,-2.9948814,3.0171089,0.1722055,5.8296091,-18.2663084
3.7969432,-7.1699275,-3.0449226,3.0261619,0.1870604,5.6709066,-17.1292412
3.8469029,-7.1754879,-3.0949959,3.0359665,0.2022036,5.5179376,-16.0561796
3.8968627,-7.1805342,-3.1450854,3.0465338,0.2176651,5.3705967,-15.0444887
3.9468225,-7.1850269,-3.1951749,3.0578762,0.2334708,5.2287733,-14.0911254
3.9967823,-7.1889264,-3.2452483,3.0700068,0.249642,5.0923562,-13.1927918
4.046742,-7.1921932,-3.2952895,3.0829392,0.266195,4.9612371,-12.3460519
4.0967018,-7.1947876,-3.3452825,3.0966874,0.2831397,4.835314,-11.5474157
4.1466616,-7.1966703,-3.3952112,3.1112658,0.3004792,4.7144935,-10.7933917
4.1966214,-7.1978015,-3.4450594,3.1266884,0.3182086,4.598693,-10.0804954
4.2465812,-7.1981417,-3.4948112,-3.1402162,0.3363137,4.4878435,-9.4051572
4.2965409,-7.1976515,-3.5444503,-3.1230643,0.3547698,4.3818923,-8.7632939
4.3465007,-7.1962912,-3.5939608,-3.1050292,0.3735405,4.2808125,-8.1483585
4.3964605,-7.1940212,-3.6433266,-3.0861001,0.3925764,4.1846356,-7.5395025
4.4464203,-7.1908021,-3.6925314,-3.0662683,0.4118135,4.093633,-6.7191392
4.49638,-7.1865943,-3.7415594,-3.0455275,0.4311724,4.0107927,-3.9236033
4.5463398,-7.1813287,-3.7906441,-3.0237848,0.4460186,3.9616175,-3.9236033
4.5962996,-7.1748646,-3.8404781,-3.0014408,0.443218,3.9118242,1.1236272
4.6462594,-7.1673046,-3.890081,-2.9792756,0.4402395,3.9261483,1.0522982
4.6962192,-7.1586629,-3.9394402,-2.9572926,0.4371076,3.939516,1.0521123
4.7461789,-7.1489537,-3.9885433,-2.9354944,0.4338461,3.952836,1.081732
4.7961387,-7.1381913,-4.0373779,-2.9138827,0.4304784,3.9664844,1.1218031
4.8460985,-7.1263898,-4.0859315,-2.8924583,0.4270272,3.980589,1.1636258
4.8960583,-7.1135636,-4.1341916,-2.8712216,0.4235141,3.9951668,1.2032926
4.9460181,-7.0997269,-4.1821459,-2.850172,0.4199601,4.0101858,1.2390171
4.9959778,-7.0848938,-4.2297818,-2.8293081,0.4163852,4.0255922,1.2699607
5.0459376,-7.0690787,-4.2770869,-2.8086282,0.4128081,4.0413223,1.2957167
5.0958974,-7.0522958,-4.3240487,-2.7881298,0.4092467,4.0573087,1.316081
5.1458572,-7.0345593,-4.3706548,-2.7678097,0.4057179,4.073482,1.3309477
5.1958169,-7.0158835,-4.4168928,-2.7476643,0.4022374,4.0897731,1.3402614
5.2457767,-6.9962825,-4.4627501,-2.7276896,0.3988197,4.1061128,1.3439944
5.2957365,-6.9757707,-4.5082143,-2.707881,0.3954786,4.1224329,1.3421367
5.3456963,-6.9543622,-4.5532731,-2.6882333,0.3922268,4.1386663,1.3346908
5.3956561,-6.9320714,-4.5979138,-2.6687413,0.3890757,4.1547468,1.3216695
5.4456158,-6.9089124,-4.6421241,-2.649399,0.3860362,4.1706092,1.3030961
5.4955756,-6.8848994,-4.6858916,-2.6302004,0.3831182,4.1861899,1.2790033
5.5455354,-6.8600468,-4.7292037,-2.6111389,0.3803305,4.2014264,1.2494348
5.5954952,-6.8343687,-4.7720479,-2.5922079,0.3776815,4.2162574,1.2144452
5.645455,-6.8078794,-4.814412,-2.5734003,0.3751786,4.2306233,1.1741014
5.6954147,-6.7805932,-4.8562833,-2.5547089,0.3728284,4.2444657,1.1284835
5.7453745,-6.7525241,-4.8976495,-2.5361263,0.3706373,4.2577279,1.0776859
5.7953343,-6.7236866,-4.9384981,-2.5176448,0.3686106,4.2703546,1.0218186
5.8452941,-6.692109,-4.9814719,-2.4982081,0.3596178,4.2822924,2.1222793
5.8952538,-6.6594263,-5.0241995,-2.4791089,0.3506433,4.306981,2.7535649
5.9452136,-6.6259805,-5.066257,-2.4604831,0.3427725,4.338804,3.0458671
5.9951734,-6.5918293,-5.1076154,-2.4422846,0.3359884,4.3737355,3.1405472
6.0451332,-6.5570304,-5.1482457,-2.4244678,0.3302803,4.409463,3.0987509
6.095093,-6.5216417,-5.1881187,-2.4069878,0.3256452,4.4444336,2.9504517
6.1450527,-6.485721,-5.2272054,-2.3897997,0.3220886,4.4774767,2.7102671
6.1950125,-6.4493259,-5.2654767,-2.3728586,0.3196253,4.5076165,2.3837486
6.2449723,-6.4125144,-5.3029037,-2.3561194,0.3182812,4.5339596,1.9700044
6.2949321,-6.375344,-5.3394571,-2.3395365,0.3180945,4.5556154,1.4624575
6.3448918,-6.3378727,-5.375108,-2.323063,0.3191174,4.5716255,0.8481407
6.3948516,-6.3001582,-5.4098273,-2.3066509,0.3214184,4.5808848,0.1048925
6.4448114,-6.2622583,-5.4435859,-2.2902503,0.3250849,4.5820286,-0.8065806
6.4947712,-6.2242307,-5.4763548,-2.2738089,0.3302266,4.5732257,-3.6892592
6.544731,-6.1861332,-5.5081048,-2.2572716,0.3369791,4.5327435,-5.207213
6.5946907,-6.1480236,-5.5388071,-2.2405796,0.3455094,4.4749817,-6.7034902
6.6446505,-6.1099596,-5.5684324,-2.2236696,0.356022,4.3995059,-7.7700228
6.6946103,-6.0719991,-5.5969517,-2.2064731,0.3687669,4.3103683,-8.4430858
6.7445701,-6.0341997,-5.624336,-2.1889151,0.3840495,4.2113709,-8.8997777
6.7945299,-5.9966194,-5.6505562,-2.1709128,0.4022435,4.1044346,-9.1916095
6.8444896,-5.9593157,-5.6755832,-2.1523742,0.4238071,3.9909851,-9.0519972
6.8944494,-5.9223466,-5.699388,-2.1331962,0.4493038,3.8760147,-8.1565017
6.9444092,-5.8857698,-5.7219414,-2.113262,0.4794295,3.7694159,-4.4208658
6.994369,-5.8428656,-5.747093,-2.0885416,0.5078612,3.7103592,-3.3578138
7.0443287,-5.7871721,-5.7776246,-2.0558428,0.5211725,3.6648675,-3.3578132
7.0942885,-5.7327196,-5.8052186,-2.0237332,0.5300247,3.6188041,-0.6841784
7.1442483,-5.6795318,-5.830085,-1.9924802,0.5335988,3.6093462,-0.9040625
7.1942081,-5.6276321,-5.8524337,-1.9623677,0.5310501,3.5968106,0.5990879
7.2441679,-5.5770443,-5.8724746,-1.9336952,0.5214978,3.6051223,1.7492504
7.2941276,-5.527792,-5.8904176,-1.9067769,0.5040031,3.6292825,3.0505453
7.3440874,-5.4798988,-5.9064726,-1.881942,0.4775303,3.6710353,4.4997689
7.3940472,-5.4333882,-5.9208495,-1.8595369,0.4408914,3.7317711,6.1235626
7.444007,-5.388284,-5.9337583,-1.8399279,0.3926689,3.8128702,7.9401933
7.4939667,-5.3446097,-5.9454089,-1.8235069,0.3311188,3.915528,9.9376192
7.5439265,-5.3023889,-5.9560111,-1.8106987,0.2540488,4.0403369,12.0310124
7.5938863,-5.2616454,-5.9657749,-1.8019703,0.1586751,4.186461,-0.0118849
7.6438461,-5.2224026,-5.9749103,-1.7978426,0.0414622,4.1863192,-23.3023227
7.6938059,-5.1846842,-5.9836271,-1.7989034,-0.1020387,3.8983215,-22.6414979
7.7437656,-5.14448,-5.993095,-1.8055675,-0.130714,3.596468,-22.2941407
7.7937254,-5.0992671,-6.0039652,-1.8059134,0.1272674,3.2721493,-19.0445907
7.8436852,-5.0556482,-6.0141822,-1.7935959,0.4287109,2.9671593,-14.5206396
7.893645,-5.0128173,-6.0233626,-1.7680379,0.7361014,2.7116671,-9.7622824
7.9436048,-4.9699686,-6.0311229,-1.7299532,1.0018734,2.5254099,-6.4412293
7.9935645,-4.9262963,-6.0370796,-1.6814296,1.1818829,2.3945961,-1.3985864
8.0435243,-4.8809945,-6.0408491,-1.6256757,1.2512637,2.3652367,-1.3985858
8.0934841,-4.8332574,-6.042048,-1.5664446,1.2133662,2.3355082,5.1494103
8.1434439,-4.7822791,-6.0402928,-1.5073254,1.0954744,2.4431793,5.6455281
8.1934036,-4.7272539,-6.0352001,-1.4511727,0.9347764,2.5560172,8.1410005
8.2433634,-4.6673759,-6.0263862,-1.3998474,0.7643986,2.7104739,10.1029694
8.2933232,-4.6018392,-6.0134678,-1.3542608,0.606313,2.8907012,11.7116253
8.343283,-4.5644532,-6.0048108,-1.3328407,0.513414,3.0864824,11.9264977
8.3932428,-4.5266121,-5.9952498,-1.3142438,0.443034,3.2738454,12.0152169
8.4432025,-4.4872485,-5.9845593,-1.2973459,0.3880902,3.4523353,12.0318392
8.4931623,-4.4464627,-5.972771,-1.2818315,0.3447125,3.6222693,11.9843257
8.5431221,-4.404355,-5.9599168,-1.2674484,0.3101582,3.7839535,11.8801947
8.5930819,-4.3610253,-5.9460285,-1.2539923,0.2824507,3.9376856,11.7258444
8.6430417,-4.3165739,-5.9311378,-1.2412953,0.2601437,4.0837493,11.5263541
8.6930014,-4.2711009,-5.9152765,-1.2292171,0.2421652,4.2224065,11.2854556
8.7429612,-4.2247066,-5.8984763,-1.217639,0.2277124,4.3538896,11.0055553
8.792921,-4.1774909,-5.8807691,-1.2064592,0.216179,4.4783953,10.6877511
8.8428808,-4.1295543,-5.8621867,-1.1955885,0.2071046,4.5960788,10.3318169
8.8928405,-4.0809966,-5.8427607,-1.1849482,0.2001395,4.7070469,9.9361348
8.9428003,-4.0319183,-5.822523,-1.1744673,0.1950187,4.8113517,9.497559
8.9927601,-3.9824193,-5.8015054,-1.1640804,0.1915444,4.9089812,9.0111848
9.0427199,-3.9325999,-5.7797396,-1.153727,0.1895722,4.999849,8.4699891
9.0926797,-3.8825602,-5.7572574,-1.1433493,0.1890025,5.0837789,7.8642813
9.1426394,-3.8324004,-5.7340906,-1.1328914,0.1897735,5.1604848,7.1808589
9.1925992,-3.7822206,-5.710271,-1.1222983,0.1918571,5.2295422,6.4016717
9.242559,-3.732121,-5.6858303,-1.1115148,0.1952562,5.2903463,5.5015932
9.2925188,-3.6822017,-5.6608003,-1.1004849,0.2000037,5.3420484,4.4443901
9.3424785,-3.632563,-5.6352129,-1.0891504,0.2061626,5.3834526,3.1745308
9.3924383,-3.583305,-5.6090997,-1.0774501,0.2138276,5.4128329,1.5972985
9.4423981,-3.5367278,-5.5837092,-1.0658753,0.2227294,5.4275557,-0.3952092
9.4923579,-3.4911332,-5.5581563,-1.0539931,0.232007,5.4239167,-10.735613
9.5423177,-3.4460253,-5.5321536,-1.0416644,0.2416357,5.3241125,-10.7723561
9.5922774,-3.4014269,-5.5056932,-1.0288765,0.2516253,5.2220499,-10.3445481
9.6422372,-3.3573609,-5.4787666,-1.0156164,0.2619843,5.1221268,-9.9279598
9.692197,-3.3138502,-5.4513659,-1.0018709,0.2727195,5.0243592,-9.521859
9.7421568,-3.2709177,-5.4234826,-0.9876269,0.2838355,4.9287692,-9.1255773
9.7921166,-3.2285861,-5.3951087,-0.9728711,0.2953347,4.8353843,-8.7385175
9.8420763,-3.1868784,-5.3662359,-0.9575901,0.3072165,4.7442379,-8.3601958
9.8920361,-3.1458174,-5.3368561,-0.9417711,0.319477,4.6553674,-7.990451
9.9419959,-3.105426,-5.306961,-0.9254012,0.3321082,4.5688121,-7.6307185
9.9919557,-3.0657269,-5.2765424,-0.9084681,0.345098,4.4845942,-7.294946
10.0419154,-3.0267432,-5.2455921,-0.8909602,0.3584288,4.4025763,-7.1243863
10.0918752,-2.9884975,-5.214102,-0.8728663,0.3720776,4.3209735,-6.9780149
10.141835,-2.9510129,-5.1820638,-0.8541763,0.3860147,4.239525,-6.6585519
10.1917948,-2.9143121,-5.1494693,-0.8348814,0.4002036,4.1603188,-6.3343717
10.2417546,-2.878418,-5.1163103,-0.8149739,0.4146002,4.0835432,-5.9962967
10.2917143,-2.8433534,-5.0825786,-0.7944478,0.429152,4.0095109,-5.6046174
10.3416741,-2.8091413,-5.048266,-0.7732988,0.4437979,3.9390566,-4.6503563
10.3916339,-2.7758045,-5.0133644,-0.7515248,0.4584679,3.8796269,-3.8243207
10.4415937,-2.7433657,-4.9778654,-0.729126,0.4730825,3.8300628,-3.7090971
10.4915534,-2.711848,-4.941761,-0.7061052,0.487553,3.7813714,-3.4875732
10.5415132,-2.6812741,-4.9050428,-0.6824681,0.5017816,3.7350091,-3.4875732
10.591473,-2.6508223,-4.8666103,-0.657577,0.5086298,3.688064,-0.3534997
10.6414328,-2.6198431,-4.8253925,-0.6315248,0.5018811,3.6832722,1.2512894
10.6913926,-2.5900142,-4.7834926,-0.6058816,0.4952614,3.7002058,1.5419926
10.7413523,-2.5613316,-4.7409525,-0.5806366,0.4888321,3.7209673,1.6430915
10.7913121,-2.5337918,-4.6978138,-0.5557769,0.4826497,3.7429634,1.6703842
10.8412719,-2.5073907,-4.6541185,-0.5312876,0.4767666,3.7651931,1.6589367
10.8912317,-2.4821248,-4.6099083,-0.5071522,0.4712312,3.7871413,1.6213396
10.9411915,-2.4579902,-4.565225,-0.4833526,0.4660883,3.8084699,1.5623046
10.9911512,-2.4349831,-4.5201103,-0.4598693,0.4613797,3.8289094,1.4834673
11.041111,-2.4130998,-4.4746062,-0.4366814,0.4571446,3.8482171,1.38518
11.0910708,-2.3923365,-4.4287543,-0.4137669,0.4534204,3.8661585,1.2672332
11.1410306,-2.3726894,-4.3825965,-0.3911025,0.4502429,3.8824996,1.1291641
11.1909903,-2.3541548,-4.3361745,-0.3686639,0.4476471,3.8970025,0.9704013
11.2409501,-2.3367288,-4.2895303,-0.3464255,0.4456678,3.9094233,0.7903432
11.2909099,-2.3204077,-4.2427054,-0.3243611,0.4443398,3.9195103,0.5884149
11.3408697,-2.3051878,-4.1957419,-0.3024431,0.4436992,3.9270034,0.3641248
11.3908295,-2.2910652,-4.1486813,-0.280643,0.4437832,3.9316331,0.1171337
11.4407892,-2.2780361,-4.1015656,-0.2589311,0.4446313,3.9331212,-0.1526511
11.490749,-2.2660969,-4.0544365,-0.2372769,0.4462856,3.9311817,-0.4449449
11.5407088,-2.2552437,-4.0073359,-0.2156483,0.4487915,3.925523,-0.7588983
11.5906686,-2.2454728,-3.9603055,-0.1940123,0.4521984,3.9158527,-1.0928342
11.6406283,-2.2367803,-3.9133871,-0.1723343,0.4565605,3.901885,-1.4438771
11.6905881,-2.2286039,-3.8629527,-0.1492705,0.440173,3.8833536,2.5782539
11.7405479,-2.2214166,-3.8112029,-0.1269698,0.4131109,3.9163827,4.6657061
11.7905077,-2.2153849,-3.7596619,-0.1062752,0.3841363,3.9754557,6.0052251
11.8404675,-2.2104094,-3.7083321,-0.0872477,0.3534847,4.0502207,7.1022373
11.8904272,-2.2063908,-3.6572156,-0.0699396,0.321365,4.1368998,8.0939515
11.940387,-2.2032295,-3.6063147,-0.0543963,0.2879548,4.2335191,9.0311912
11.9903468,-2.2008263,-3.5556318,-0.0406568,0.2533979,4.3387875,9.9307984
12.0403066,-2.1990818,-3.5051691,-0.0287556,0.2178042,4.4516691,10.7909594
12.0902664,-2.1978966,-3.4549288,-0.0187239,0.1812505,4.571169,11.5959404
12.1402261,-2.1971713,-3.4049133,-0.0105902,0.1437824,4.6961949,12.3166299
12.1901859,-2.1968065,-3.3551247,-0.0043819,0.1054182,4.825445,12.9087905
12.2401457,-2.1967028,-3.3055654,-0.0001259,0.0661524,4.9572936,13.3094814
12.2901055,-2.1967609,-3.2562377,0.0021506,0.0259609,5.0896598,13.4313277
12.3400652,-2.1968814,-3.2071438,0.0024198,-0.0151933,5.2198362,13.1533236
12.390025,-2.1969648,-3.158286,0.0006526,-0.0573537,5.3442459,12.3044374
12.4399848,-2.1969119,-3.1096665,-0.0031812,-0.1005629,5.4580599,-2.0313357
12.4899446,-2.1966231,-3.0612876,-0.0091125,-0.1448539,5.4394345,-20.1355991
12.5399044,-2.1959992,-3.0131517,-0.0171729,-0.1902411,5.2512387,-16.0577332
12.5898641,-2.1949408,-2.9652609,-0.0273938,-0.2367088,5.0961776,-9.8153227
12.6398239,-2.1933112,-2.9166812,-0.040014,-0.275616,4.9990282,-9.2428343
12.6897837,-2.1908859,-2.8653326,-0.0544755,-0.2870488,4.9057867,-8.6930545
12.7397435,-2.1877209,-2.8142788,-0.0694529,-0.2985737,4.8164444,-8.1656106
12.7897033,-2.1837971,-2.7635216,-0.0849475,-0.3101551,4.7309865,-7.6656321
12.839663,-2.1790957,-2.7130626,-0.1009592,-0.3217529,4.6493318,-7.3104063
12.8896228,-2.1735978,-2.6629037,-0.1174868,-0.3333222,4.5701022,-7.1805378
12.9395826,-2.1672844,-2.6130466,-0.1345272,-0.3448137,4.4909195,-6.6405088
12.9895424,-2.1601367,-2.5634929,-0.1520759,-0.3561735,4.4164285,-5.8734027
13.0395021,-2.1521357,-2.5142444,-0.1701265,-0.3673432,4.3494796,-4.7671291
13.0894619,-2.1432625,-2.4653029,-0.1886708,-0.3782607,4.2943735,-4.6319593
13.1394217,-2.1334983,-2.4166701,-0.2076983,-0.3888601,4.2401439,-4.3851646
13.1893815,-2.122824,-2.3683477,-0.2271966,-0.3990729,4.1881567,-4.3851638
13.2393413,-2.1112209,-2.3203374,-0.247151,-0.4088279,4.1355161,-3.5849723
13.289301,-2.0986699,-2.272641,-0.2675446,-0.4180531,4.091978,-4.1860711
13.3392608,-2.0851522,-2.2252602,-0.288358,-0.4266759,4.0405462,-2.203322
13.3892206,-2.0706488,-2.1781967,-0.3095698,-0.4346244,4.0132105,-4.0264647
13.4391804,-2.0551409,-2.1314523,-0.3311559,-0.4418292,3.9627688,-1.2758891
13.4891401,-2.0386096,-2.0850288,-0.3530904,-0.4482239,3.9466505,-2.4431714
13.5390999,-2.0211493,-2.0392157,-0.3752124,-0.4549494,3.9156008,-2.5991067
13.5890597,-2.0029671,-1.9945089,-0.3974001,-0.4644303,3.8822967,-3.768057
13.6390195,-1.9837505,-1.9501379,-0.4200797,-0.4735559,3.8335004,-1.8067276
13.6889793,-1.9634782,-1.906124,-0.4432405,-0.4822532,3.8098816,-3.6287992
13.738939,-1.9421289,-1.8624886,-0.4668693,-0.4904469,3.7619955,-0.981702
13.7888988,-1.9196815,-1.8192529,-0.4909504,-0.4980605,3.7489357,-3.5136297
13.8388586,-1.8961147,-1.7764382,-0.5154652,-0.5050165,3.7018155,-0.4194785
13.8888184,-1.8714071,-1.7340658,-0.5403927,-0.5112388,3.6961499,-2.0766994
13.9387782,-1.8455376,-1.6921569,-0.5657089,-0.5166534,3.6679724,-1.0027975
13.9887379,-1.8184849,-1.6507329,-0.5913872,-0.5211899,3.6542882,-1.2001618
14.0386977,-1.7902278,-1.6098151,-0.6173984,-0.5247834,3.6378431,-0.8047513
14.0886575,-1.7607449,-1.5694247,-0.6437108,-0.5273758,3.6267744,-0.6076267
14.1386173,-1.730015,-1.529583,-0.6702903,-0.5289173,3.6183945,-0.3532953
14.188577,-1.6980168,-1.4903113,-0.6971006,-0.5293678,3.6135132,-0.1067625
14.2385368,-1.6647292,-1.4516309,-0.7241037,-0.528698,3.6120368,0.1430383
14.2884966,-1.6301308,-1.4135631,-0.7512598,-0.5268906,3.6140147,0.3950092
14.3384564,-1.5942004,-1.3761291,-0.7785279,-0.5239408,3.6194711,0.6491881
14.3884162,-1.5569168,-1.3393503,-0.805866,-0.5198568,3.6284208,0.9055371
14.4383759,-1.5182585,-1.3032479,-0.8332316,-0.5146598,3.6408678,1.1639759
14.4883357,-1.4834807,-1.2723907,-0.8567095,-0.4929197,3.656805,3.3897559
14.5382955,-1.4484594,-1.2427155,-0.8787971,-0.4695918,3.7028267,4.4204288
14.5882553,-1.4124695,-1.2135346,-0.9000305,-0.4471158,3.7619958,5.0133628
14.638215,-1.3755349,-1.184841,-0.9204336,-0.4255261,3.827995,5.4252762
14.6881748,-1.3376795,-1.1566276,-0.9400314,-0.4048419,3.8981581,5.7436819
14.7381346,-1.2989274,-1.1288874,-0.95885,-0.3850695,3.9710884,6.0070023
14.7880944,-1.2593025,-1.1016131,-0.9769157,-0.3662046,4.045956,6.2343791
14.8380542,-1.2188288,-1.0747978,-0.9942549,-0.3482342,4.1222198,6.4361334
14.8880139,-1.1775303,-1.0484343,-1.0108942,-0.3311387,4.199499,6.6181572
14.9379737,-1.135431,-1.0225156,-1.0268596,-0.3148932,4.2775081,6.783975
14.9879335,-1.0925548,-0.9970345,-1.042177,-0.2994687,4.3560219,6.935788
15.0378933,-1.0489258,-0.971984,-1.0568712,-0.2848337,4.434856,7.0750338
15.0878531,-1.0045679,-0.9473569,-1.0709669,-0.2709545,4.5138545,7.2026992
15.1378128,-0.959505,-0.9231462,-1.0844876,-0.2577967,4.5928828,7.3195011
15.1877726,-0.9137612,-0.8993448,-1.0974563,-0.245325,4.6718234,7.425994
15.2377324,-0.8673605,-0.8759457,-1.1098949,-0.2335044,4.7505722,7.5226343
15.2876922,-0.8203268,-0.8529416,-1.1218245,-0.2223001,4.8290366,7.6098208
15.3376519,-0.7726841,-0.8303255,-1.1332653,-0.2116779,4.907134,7.6879188
15.3876117,-0.7244564,-0.8080904,-1.1442367,-0.2016049,4.9847906,7.757275
15.4375715,-0.6756676,-0.7862291,-1.1547572,-0.1920489,5.0619405,7.8182267
15.4875313,-0.6263419,-0.7647345,-1.1648441,-0.182979,5.1385246,7.8711068
15.5374911,-0.5778415,-0.7441597,-1.1742206,-0.168254,5.2144906,8.3396203
15.5874508,-0.5326721,-0.7254489,-1.181683,-0.1372027,5.2937892,9.7066463
15.6374106,-0.4871604,-0.706954,-1.1876794,-0.1070908,5.3846158,10.6762595
15.6873704,-0.441352,-0.6886194,-1.1922372,-0.0777993,5.482778,11.3355255
15.7373302,-0.3952923,-0.6703895,-1.1953798,-0.0492074,5.5851137,11.7148719
15.78729,-0.3490268,-0.6522088,-1.1971271,-0.0211942,5.6889402,11.8127382
15.8372497,-0.3026011,-0.6340218,-1.1974949,0.0063594,5.7917496,11.60462
15.8872095,-0.2560607,-0.6157727,-1.1964954,0.0335692,5.8910009,11.0451067
15.9371693,-0.2094511,-0.5974062,-1.194137,0.0605465,5.983938,-0.0408963
15.9871291,-0.1628179,-0.5788665,-1.1904244,0.087397,5.9835966,-25.1147808
16.0370888,-0.1162065,-0.5600983,-1.1853589,0.1142195,5.7700927,-23.3671836
16.0870486,-0.0696625,-0.5410458,-1.1789388,0.1411046,5.5640931,-21.6435117
16.1370084,-0.0232314,-0.5216536,-1.1711594,0.1681332,5.366239,-19.9735386
16.1869682,0.0230413,-0.501866,-1.1620134,0.1953748,5.1769464,-18.3761223
16.236928,0.06911,-0.4816276,-1.1514916,0.2228856,4.9964628,-16.8622076
16.2868877,0.1149293,-0.4608827,-1.1395829,0.2507062,4.824912,-15.4369763
16.3368475,0.1604536,-0.4395757,-1.1262753,0.2788588,4.6623299,-14.1013621
16.3868073,0.2056373,-0.4176513,-1.1115565,0.3073444,4.5086936,-12.8530136
16.4367671,0.2504351,-0.3950536,-1.0954143,0.3361394,4.363949,-11.6865779
16.4867268,0.2948013,-0.3717273,-1.0778382,0.3651923,4.2280413,-10.592583
16.5366866,0.3386905,-0.3476167,-1.0588194,0.3944201,4.1009666,-9.551675
16.5866464,0.382057,-0.3226663,-1.038353,0.4237045,3.9829045,-8.5055796
16.6366062,0.4248555,-0.2968205,-1.0164382,0.4528896,3.8747457,-7.0360225
16.686566,0.4670403,-0.2700237,-0.9930804,0.4817789,3.7829377,-3.4904631
16.7365257,0.5089479,-0.2419579,-0.9681048,0.5013661,3.7365562,-3.4904631
16.7864855,0.5515686,-0.211809,-0.9422828,0.4880055,3.6895917,2.8999979
16.8364453,0.5934043,-0.1805861,-0.9171336,0.4756654,3.728653,3.081307
16.8864051,0.6344331,-0.148349,-0.8926126,0.464376,3.769713,3.1183292
16.9363649,0.674633,-0.1151572,-0.8686742,0.454162,3.810816,3.0697618
16.9863246,0.713982,-0.0810705,-0.845272,0.445044,3.8508502,2.9600843
17.0362844,0.7524582,-0.0461483,-0.8223592,0.4370417,3.8890639,2.7998902
17.0862442,0.7900394,-0.0104505,-0.7998883,0.4301748,3.9248671,2.5931817
17.136204,0.8267038,0.0259635,-0.7778112,0.4244654,3.9577381,2.3404024
17.1861637,0.8624294,0.0630339,-0.7560795,0.4199399,3.9871723,2.039783
17.2361235,0.8971941,0.1007011,-0.7346437,0.4166301,4.0126497,1.6879212
17.2860833,0.930976,0.1389055,-0.7134538,0.4145757,4.0336105,1.2799588
17.3360431,0.9637531,0.1775875,-0.6924585,0.4138253,4.0494329,0.8094879
17.3860029,0.9955035,0.2166874,-0.6716052,0.4144391,4.0594076,0.2681763
17.4359626,1.026205,0.2561455,-0.6508397,0.4164908,4.0627068,-0.3550853
17.4859224,1.0558359,0.2959023,-0.6301059,0.4200698,4.0583379,-1.0762377
17.5358822,1.0843739,0.3358981,-0.6093452,0.4252844,4.0450673,-3.4879527
17.585842,1.1117973,0.3760733,-0.5884959,0.432265,4.0017564,-4.0891538
17.6358017,1.138084,0.4163682,-0.5674931,0.4411678,3.9503757,-3.9902064
17.6857615,1.1632119,0.4567232,-0.5462677,0.4521795,3.8995857,-3.8820192
17.7357213,1.1871592,0.4970787,-0.5247456,0.4655232,3.8495297,-4.0295894
17.7856811,1.2099038,0.537375,-0.5028471,0.4814647,3.7968729,-5.4402976
17.8356409,1.2314238,0.5775524,-0.4804857,0.5003204,3.7246009,-3.38364
17.8856006,1.2530691,0.6203431,-0.4559773,0.5171945,3.6789346,-3.38364
17.9355604,1.2791135,0.6756302,-0.4245824,0.5097274,3.6326944,2.2358119
17.9855202,1.3028699,0.7303688,-0.3944491,0.4997527,3.663314,2.3745156
18.03548,1.3244781,0.7844678,-0.3656846,0.4872904,3.6955555,2.7871882
18.0854398,1.3440781,0.8378361,-0.3383912,0.4723277,3.733045,3.3223853
18.1353995,1.3618098,0.8903826,-0.3126682,0.4547993,3.7772472,3.9350901
18.1853593,1.3778131,0.9420161,-0.2886146,0.4345637,3.8289409,4.6203977
18.2353191,1.3922278,0.9926456,-0.266332,0.411376,3.8887603,5.3885287
18.2852789,1.405194,1.0421799,-0.2459284,0.3848517,3.9573825,6.2563225
18.3352386,1.4168515,1.090528,-0.2275233,0.3544215,4.0355923,7.2431938
18.3851984,1.4273402,1.1375987,-0.2112532,0.3192683,4.1242868,8.3668939
18.4351582,1.4368001,1.183301,-0.197279,0.2782396,4.224424,9.6358426
18.485118,1.445371,1.2275437,-0.1857947,0.2297231,4.3368845,11.0331724
18.5350778,1.4531929,1.2702356,-0.17704,0.171464,4.462174,12.4822872
18.5850375,1.4604056,1.3112858,-0.1713146,0.100295,4.5998067,13.7692885
18.6349973,1.4671492,1.3506031,-0.1689997,0.01173,4.7470035,-8.2593001
18.6849571,1.4735634,1.3880963,-0.1705851,-0.100658,4.6592679,-24.1095236
18.7349169,1.4818021,1.4350664,-0.1764981,-0.0961406,4.3931497,-24.1110373
18.7848766,1.4907882,1.4850001,-0.1786261,0.0206267,4.1098175,-22.2730872
18.8348364,1.4992092,1.5320837,-0.1741013,0.1750329,3.8295017,-18.6130485
18.8847962,1.5069156,1.5773077,-0.1621366,0.3483992,3.5784459,-13.9375169
18.934756,1.513758,1.6216625,-0.1427638,0.5105391,3.3782606,-9.2884378
18.9847158,1.519587,1.6661385,-0.1169783,0.6294582,3.2379852,-2.5572574
19.0346755,1.5242532,1.7117261,-0.0866059,0.684327,3.1982852,-2.5572568
19.0846353,1.5276072,1.7594155,-0.0539111,0.6733788,3.1580862,3.1461508
19.1345951,1.5294995,1.8101974,-0.0211075,0.6116856,3.207471,6.1873434
19.1845549,1.5297807,1.865062,0.0100307,0.521783,3.3024395,8.9202569
19.2345147,1.5283014,1.9249997,0.0383437,0.4242983,3.4347365,11.0313149
19.2844744,1.5262533,1.968407,0.0556584,0.381839,3.5916095,10.9858986
19.3344342,1.5238921,2.0060001,0.0696747,0.363334,3.7413053,10.2433262
19.384394,1.5208667,2.0453464,0.0837179,0.3491169,3.8756772,9.4928164
19.4343538,1.5171312,2.0863609,0.0978606,0.338247,3.9961721,8.7284325
19.4843135,1.5126401,2.128959,0.112164,0.3300483,4.1038437,7.9460331
19.5342733,1.5073478,2.1730558,0.1266808,0.3240259,4.1994639,7.1426492
19.5842331,1.5012086,2.2185666,0.1414575,0.3198105,4.2835951,6.316173
19.6341929,1.494177,2.2654067,0.1565359,0.3171224,4.3566382,5.4652497
19.6841527,1.4862073,2.3134911,0.1719541,0.3157464,4.4188666,4.5893144
19.7341124,1.4772539,2.3627353,0.1877476,0.3155148,4.4704523,3.6887668
19.7840722,1.4672711,2.4130544,0.2039496,0.3162948,4.511488,2.7653068
19.834032,1.4562135,2.4643636,0.2205919,0.3179795,4.5420075,1.8225078
19.8839918,1.4440353,2.5165783,0.2377047,0.3204817,4.5620101,0.8667951
19.9339516,1.430691,2.5696135,0.2553173,0.3237285,4.5714928,-0.0908122
19.9839113,1.4161348,2.6233845,0.273458,0.3276573,4.5705002,-1.0314166
20.0338711,1.4003213,2.6778066,0.2921543,0.3322133,4.559212,-1.9217687
20.0838309,1.3832048,2.732795,0.3114325,0.337346,4.5381044,-2.7022041
20.1337907,1.3647396,2.788265,0.3313184,0.3430079,4.5082578,-3.2758128
20.1837504,1.3448802,2.8441317,0.3518365,0.3491521,4.4718084,-3.5666902
20.2337102,1.3235809,2.9003103,0.3730103,0.3557311,4.4317816,-3.6827149
20.28367,1.3053364,2.9457624,0.390368,0.3508615,4.3900699,0.352106
20.3336298,1.2871587,2.9889332,0.4066446,0.3442427,4.3940751,1.4474793
20.3835896,1.2681222,3.0321721,0.4227679,0.3384431,4.4105019,1.9321637
20.4335493,1.2482335,3.0754484,0.4387643,0.3334091,4.4323344,2.1436458
20.4835091,1.2274996,3.1187318,0.4546594,0.3290932,4.4564313,2.197537
20.5334689,1.2059272,3.1619917,0.4704773,0.3254529,4.4809996,2.1488396
20.5834287,1.1835231,3.2051975,0.4862413,0.3224507,4.5048938,2.0282007
20.6333884,1.1602943,3.2483186,0.5019738,0.3200528,4.5273309,1.8544716
20.6833482,1.1362474,3.2913246,0.5176965,0.3182296,4.5477492,1.6401254
20.733308,1.1113893,3.3341849,0.5334302,0.3169545,4.5657314,1.3939476
20.7832678,1.0857268,3.376869,0.5491953,0.316204,4.5809591,1.1225126
20.8332276,1.0592667,3.4193462,0.5650115,0.3159573,4.5931849,0.8310634
20.8831873,1.0320159,3.4615862,0.5808981,0.3161958,4.6022154,0.5240726
20.9331471,1.0039811,3.5035583,0.5968738,0.3169031,4.607901,0.2056232
20.9831069,0.9751692,3.5452319,0.612957,0.3180645,4.6101299,-0.1203186
21.0330667,0.9455869,3.5865767,0.6291658,0.3196668,4.6088258,-0.4497052
21.0830265,0.9152411,3.6275619,0.645518,0.3216982,4.6039484,-0.7782663
21.1329862,0.8841387,3.6681571,0.6620308,0.3241479,4.5954953,-1.1014298
21.182946,0.8522864,3.7083317,0.6787215,0.3270061,4.5835055,-1.4143196
21.2329058,0.819691,3.7480553,0.695607,0.3302633,4.5680635,-1.7118602
21.2828656,0.7863593,3.7872972,0.7127038,0.3339106,4.5493028,-1.9890203
21.3328253,0.7522982,3.8260269,0.7300283,0.3379394,4.527407,-2.2412111
21.3827851,0.7175145,3.8642138,0.7475966,0.3423406,4.5026074,-2.4647981
21.4327449,0.6820149,3.9018275,0.7654245,0.3471052,4.4751751,-2.6575915
21.4827047,0.6458064,3.9388374,0.7835276,0.3522234,4.4454073,-2.8190932
21.5326645,0.6088957,3.9752129,0.8019211,0.3576845,4.4136112,-2.950312
21.5826242,0.5722985,4.0099851,0.8199878,0.3563316,4.3800879,-0.4960792
21.632584,0.5353965,4.0438101,0.837737,0.3528268,4.3744259,0.4972032
21.6825438,0.4978811,4.0769969,0.8553258,0.3495184,4.3801007,0.9427702
21.7325036,0.4597706,4.1095384,0.8727629,0.3464121,4.3908409,1.1703821
21.7824633,0.4210834,4.1414277,0.8900573,0.3435129,4.4041376,1.2824128
21.8324231,0.3818379,4.1726575,0.9072181,0.3408254,4.4186611,1.3248816
21.8823829,0.3420523,4.2032209,0.9242545,0.3383537,4.4336156,1.3220516
21.9323427,0.301745,4.2331108,0.9411761,0.3361016,4.4484881,1.2879104
21.9823025,0.2609343,4.2623202,0.9579922,0.3340724,4.4629288,1.2309925
22.0322622,0.2196386,4.2908418,0.9747126,0.3322694,4.4766878,1.1567159
22.082222,0.1778763,4.3186688,0.9913469,0.3306955,4.4895782,1.0686288
22.1321818,0.1356656,4.3457939,1.0079051,0.3293536,4.5014541,0.969121
22.1821416,0.0930248,4.3722102,1.024397,0.3282464,4.5121972,0.8598498
22.2321014,0.0499724,4.3979106,1.0408326,0.3273765,4.5217075,0.742007
22.2820611,0.0065267,4.4228879,1.0572221,0.3267466,4.5298985,0.6164892
22.3320209,-0.037294,4.4471352,1.0735756,0.3263593,4.5366926,0.4840114
22.3819807,-0.0814714,4.4706454,1.0899034,0.3262172,4.5420196,0.3451841
22.4319405,-0.125987,4.4934113,1.1062159,0.3263231,4.5458148,0.2005673
22.4819002,-0.1708227,4.515426,1.1225234,0.3266798,4.5480186,0.0507093
22.53186,-0.21596,4.5366823,1.1388364,0.32729,4.5485756,-0.1038242
22.5818198,-0.2613806,4.5571733,1.1551656,0.3281568,4.5474351,-0.2624281
22.6317796,-0.3070662,4.5768917,1.1715215,0.3292833,4.544551,-0.4244402
22.6817394,-0.3529984,4.5958306,1.1879151,0.3306727,4.5398826,-0.5891278
22.7316991,-0.3991589,4.6139828,1.204357,0.3323282,4.5333948,-0.7556784
22.7816589,-0.4455293,4.6313414,1.2208583,0.3342532,4.5250593,-0.9231927
22.8316187,-0.4920913,4.6478992,1.2374299,0.3364512,4.5148551,-1.0906834
22.8815785,-0.5388267,4.6636491,1.254083,0.3389257,4.5027698,-1.2570778
22.9315383,-0.5869123,4.6789547,1.2711774,0.3374462,4.4888004,-0.2826724
22.981498,-0.635597,4.6935396,1.2882479,0.3342936,4.4856532,0.5071388
23.0314578,-0.6844235,4.7072684,1.3051208,0.3310112,4.491298,0.9615687
23.0814176,-0.7333808,4.7201519,1.3217926,0.3276143,4.5019815,1.2640182
23.1313774,-0.7824581,4.7322013,1.3382608,0.324118,4.5159869,1.48312
23.1813371,-0.8316445,4.7434272,1.3545232,0.3205371,4.5323648,1.6517493
23.2312969,-0.8809291,4.7538407,1.370578,0.3168858,4.5505354,1.787686
23.2812567,-0.9303009,4.7634526,1.3864241,0.313178,4.57012,1.9012576
23.3312165,-0.9797491,4.772274,1.4020608,0.3094267,4.5908572,1.9987481
23.3811763,-1.0292627,4.7803156,1.4174878,0.3056447,4.6125572,2.0841066
23.431136,-1.0788309,4.7875884,1.4327053,0.301844,4.6350757,2.1598736
23.4810958,-1.1284427,4.7941033,1.4477138,0.298036,4.658298,2.2277128
23.5310556,-1.1780873,4.7998713,1.4625142,0.2942316,4.6821291,2.288728
23.5810154,-1.2277538,4.8049032,1.4771079,0.2904408,4.7064872,2.343658
23.6309751,-1.2774311,4.8092099,1.4914965,0.2866733,4.7312999,2.3930001
23.6809349,-1.3271086,4.8128025,1.5056818,0.282938,4.7565015,2.4370891
23.7308947,-1.3767752,4.8156917,1.5196662,0.2792432,4.7820309,2.4761486
23.7808545,-1.42642,4.8178886,1.533452,0.2755967,4.8078306,2.5103255
23.8308143,-1.4760322,4.8194039,1.5470421,0.2720058,4.8338458,2.5397123
23.880774,-1.5256008,4.8202487,1.5604394,0.2684771,4.8600239,2.5643632
23.9307338,-1.5751149,4.8204338,1.5736471,0.2650168,4.8863138,2.5843038
23.9806936,-1.6245637,4.8199702,1.5866685,0.2616307,4.9126658,2.5995384
24.0306534,-1.6739362,4.8188687,1.5995072,0.258324,4.9390312,2.6100551
24.0806132,-1.7232216,4.8171404,1.6121669,0.2551017,4.9653625,2.6158284
24.1305729,-1.7724089,4.814796,1.6246515,0.2519683,4.9916127,2.6168213
24.1805327,-1.8214872,4.8118466,1.6369649,0.2489279,5.0177355,2.6129872
24.2304925,-1.8716182,4.8082107,1.6494151,0.2468289,5.0436849,2.4807961
24.2804523,-1.9223437,4.8038943,1.6619413,0.2452651,5.0681987,2.2959331
24.330412,-1.9729263,4.7989537,1.6743666,0.2436929,5.0907805,2.1464132
24.3803718,-2.0233603,4.7933968,1.6866915,0.2421164,5.1118015,2.0263199
24.4303316,-2.0736401,4.7872313,1.6989164,0.2405393,5.1315674,1.9303428
24.4802914,-2.1237601,4.7804651,1.7110418,0.2389655,5.1503265,1.8538401
24.5302512,-2.1737146,4.7731059,1.7230685,0.2373984,5.193183643,1.7928366
24.5802109,-2.2234981,4.7651616,1.7349974,0.2358417,5.236040786,1.7439831
24.6301707,-2.273105,4.7566399,1.7468293,0.2342985,5.278897929,1.7044919
24.6801305,-2.3225296,4.7475487,1.7585653,0.2327723,5.321755071,1.6720638
24.7300903,-2.3717663,4.7378958,1.7702067,0.2312662,5.364612214,1.6448148
24.78005,-2.4208096,4.7276889,1.7817546,0.2297831,5.407469357,1.6212077
24.8300098,-2.4696537,4.716936,1.7932104,0.2283261,5.4503265,1.5999913
24.8799696,-2.5182931,4.7056447,1.8045757,0.2268979,5.493183643,1.5801484
24.9299294,-2.5667222,4.6938229,1.8158519,0.2255013,5.536040786,1.5608512
24.9798892,-2.6149353,4.6814783,1.8270408,0.2241389,5.578897929,1.5414248
25.0298489,-2.6629269,4.6686189,1.838144,0.2228133,5.621755071,1.5213178
25.0798087,-2.7106914,4.6552524,1.8491634,0.2215269,5.664612214,1.5000768
25.1297685,-2.758223,4.6413866,1.8601009,0.2202822,5.707469357,1.4773277
25.1797283,-2.8055163,4.6270293,1.8709584,0.2190815,5.7503265,1.452759
25.2296881,-2.8525655,4.6121883,1.8817381,0.2179271,5.793183643,1.4261093
25.2796478,-2.8993651,4.5968714,1.8924419,0.2168211,5.836040786,1.3971568
25.3296076,-2.9459095,4.5810865,1.9030722,0.2157657,5.878897929,1.3657111
25.3795674,-2.992193,4.5648413,1.9136312,0.2147631,5.921755071,1.3316062
25.4295272,-3.0382101,4.5481436,1.9241211,0.2138154,5.964612214,1.2946957
25.4794869,-3.085052,4.5305835,1.9347959,0.2130338,6.007469357,1.2355674
25.5294467,-3.1327708,4.5121056,1.9456805,0.2123827,6.0503265,1.1632809
25.5794065,-3.1801825,4.4931523,1.9565081,0.2117313,6.093183643,1.1028055
25.6293663,-3.2272841,4.4737303,1.9672791,0.2110815,6.136040786,1.0520333
25.6793261,-3.274073,4.4538466,1.9779938,0.2104353,6.178897929,1.0091373
25.7292858,-3.3205463,4.4335079,1.9886527,0.2097945,6.221755071,0.9725471
25.7792456,-3.3667012,4.4127212,1.9992565,0.2091612,6.264612214,0.9409208
25.8292054,-3.4125349,4.3914932,2.0098056,0.2085372,6.307469357,0.9131178
25.8791652,-3.4580446,4.3698308,2.020301,0.2079243,6.3503265,0.8881718
25.929125,-3.5032276,4.3477409,2.0307432,0.2073243,6.393183643,0.8652663
25.9790847,-3.548081,4.3252302,2.0411331,0.2067391,6.436040786,0.8437125
26.0290445,-3.592602,4.3023056,2.0514716,0.2061704,6.478897929,0.82293
26.0790043,-3.6367878,4.2789741,2.0617596,0.2056199,6.521755071,0.8024291
26.1289641,-3.6806357,4.2552423,2.0719982,0.2050893,6.564612214,0.7817968
26.1789238,-3.7241428,4.2311172,2.0821883,0.2045804,6.607469357,0.7606839
26.2288836,-3.7673063,4.2066056,2.0923311,0.2040948,6.6503265,0.7387948
26.2788434,-3.8101235,4.1817143,2.1024278,0.2036342,6.693183643,0.715878
26.3288032,-3.8525915,4.1564502,2.1124795,0.2032003,6.736040786,0.691719
26.378763,-3.8947075,4.1308201,2.1224876,0.2027946,6.778897929,0.666134
26.4287227,-3.9364688,4.1048309,2.1324533,0.2024188,6.821755071,0.6389645
26.4786825,-3.9778726,4.0784894,2.142378,0.2020744,6.864612214,0.6100729
26.5286423,-4.0189159,4.0518024,2.1522632,0.2017631,6.907469357,0.579339
26.5786021,-4.0595962,4.0247768,2.1621103,0.2014865,6.9503265,0.546657
26.6285618,-4.0999104,3.9974194,2.1719208,0.2012462,6.993183643,0.5119324
26.6785216,-4.1411411,3.9688369,2.182012,0.2010535,7.036040786,0.4731705
26.7284814,-4.1830525,3.9391446,2.1923345,0.2008852,7.078897929,0.4354281
26.7784412,-4.224546,3.9091014,2.2026214,0.2007277,7.121755071,0.4012147
26.828401,-4.2656201,3.8787141,2.2128734,0.2005825,7.164612214,0.3697035
26.8783607,-4.3062734,3.8479894,2.2230913,0.2004513,7.207469357,0.3401833
26.9283205,-4.3465042,3.8169342,2.2332758,0.2003353,7.2503265,0.3120435
26.9782803,-4.386311,3.7855551,2.2434277,0.2002363,7.293183643,0.284761
27.0282401,-4.4256924,3.7538589,2.2535481,0.2001556,7.336040786,0.2578876
27.0781999,-4.4646468,3.7218525,2.2636377,0.2000948,7.378897929,0.2310399
27.1281596,-4.5031727,3.6895425,2.2736976,0.2000554,7.421755071,0.2038894
27.1781194,-4.5412685,3.6569358,2.2837289,0.2000389,7.464612214,0.1761545
27.2280792,-4.5789328,3.6240391,2.2937325,0.2000468,7.507469357,0.1475938
27.278039,-4.6161639,3.5908592,2.3037097,0.2000806,7.5503265,0.1179997
27.3279987,-4.6529604,3.5574028,2.3136617,0.2001419,7.593183643,0.0871933
27.3779585,-4.6893208,3.5236767,2.3235896,0.2002321,7.636040786,0.0550201
27.4279183,-4.7252435,3.4896878,2.3334948,0.2003527,7.678897929,0.0213465
27.4778781,-4.7607271,3.4554427,2.3433785,0.2005054,7.721755071,-0.0139438
27.5278379,-4.7957699,3.4209482,2.3532422,0.2006916,7.764612214,-0.0509519
27.5777976,-4.8303704,3.3862111,2.3630872,0.2009129,7.807469357,-0.0897664
27.6277574,-4.8645272,3.3512381,2.3729152,0.2011709,7.8503265,-0.1304647
27.6777172,-4.8982387,3.3160361,2.3827275,0.2014671,7.893183643,-0.173115
27.727677,-4.9315034,3.2806118,2.3925257,0.2018033,7.936040786,-0.2177773
27.7776367,-4.9643197,3.2449719,2.4023114,0.2021809,7.978897929,-0.2645042
27.8275965,-4.9988306,3.2067235,2.4127206,0.2018914,8.021755071,-0.1590778
27.8775563,-5.0329451,3.1681145,2.423114,0.2015673,8.064612214,-0.0645921
27.9275161,-5.0665464,3.1292823,2.4334566,0.2012478,8.107469357,0.0128201
27.9774759,-5.0996357,3.0902347,2.4437489,0.200935,8.1503265,0.0759592
28.0274356,-5.1322142,3.0509797,2.4539914,0.2006308,8.193183643,0.1270177
28.0773954,-5.1642831,3.0115254,2.4641847,0.200337,5.6490513,0.1677302
28.1273552,-5.1958436,2.9718795,2.4743295,0.2000557,5.6505345,0.1994801
28.177315,-5.2268969,2.9320502,2.4844264,0.1997888,5.652298,0.2233778
28.2272748,-5.2574441,2.8920453,2.4944763,0.1995381,5.654272,0.2403188
28.2772345,-5.2874865,2.8518728,2.5044799,0.1993057,5.656395,0.2510279
28.3271943,-5.3170252,2.8115406,2.5144383,0.1990934,5.6586118,0.2560928
28.3771541,-5.3460614,2.7710568,2.5243524,0.1989032,5.6608724,0.2559901
28.4271139,-5.3745964,2.7304292,2.5342232,0.1987371,5.6631311,0.2511063
28.4770736,-5.4026312,2.6896658,2.5440518,0.198597,5.6653459,0.2417537
28.5270334,-5.4301672,2.6487746,2.5538395,0.1984849,5.6674775,0.2281835
28.5769932,-5.4572054,2.6077635,2.5635873,0.1984027,5.6694886,0.2105962
28.626953,-5.4837471,2.5666405,2.5732967,0.1983525,5.671344,0.1891497
28.6769128,-5.5097935,2.5254135,2.582969,0.1983363,5.6730101,0.1639667
28.7268725,-5.5353457,2.4840905,2.5926056,0.1983562,5.6744539,0.1351394
28.7768323,-5.560405,2.4426795,2.6022079,0.1984142,5.6756435,0.102735
28.8267921,-5.5849725,2.4011883,2.6117774,0.1985125,5.6765478,0.0667986
28.8767519,-5.6106642,2.3568061,2.6218996,0.1958146,5.6771357,0.5946727
28.9267116,-5.6361066,2.3118146,2.6319351,0.192484,5.6823665,1.1291217
28.9766714,-5.6609988,2.2667579,2.6417556,0.189052,5.6922851,1.5783974
29.0266312,-5.6853531,2.2216453,2.6513577,0.1855227,5.7061215,1.9661381
29.076591,-5.7091816,2.1764863,2.6607385,0.1818999,5.7233101,2.3079321
29.1265508,-5.7324966,2.1312905,2.6698951,0.1781869,5.7434211,2.614592
29.1765105,-5.7553103,2.0860673,2.6788248,0.174387,5.7661196,2.8939028
29.2264703,-5.777635,2.0408262,2.687525,0.170503,5.7911391,3.1516315
29.2764301,-5.7994828,1.9955766,2.6959932,0.1665373,5.8182645,3.3921459
29.3263899,-5.8208659,1.9503282,2.704227,0.1624921,5.8473194,3.6188129
29.3763497,-5.8417967,1.9050903,2.7122241,0.158369,5.8781574,3.8342628
29.4263094,-5.8622872,1.8598725,2.7199824,0.1541693,5.9106558,4.0405718
29.4762692,-5.8823498,1.8146842,2.7274995,0.149894,5.9447106,4.2393894
29.526229,-5.9019966,1.7695349,2.7347734,0.1455434,5.9802326,4.4320292
29.5761888,-5.9212399,1.7244341,2.7418019,0.1411177,6.0171445,4.6195353
29.6261485,-5.9400919,1.6793913,2.748583,0.1366164,6.0553786,4.8027291
29.6761083,-5.9585648,1.6344159,2.7551146,0.1320385,6.0948746,4.9822437
29.7260681,-5.9766709,1.5895175,2.7613945,0.1273828,6.1355782,5.1585483
29.7760279,-5.9944222,1.5447055,2.7674206,0.1226473,6.1774396,5.3319639
29.8259877,-6.0121859,1.4990705,2.773309,0.1180156,6.2204122,5.4849957
29.8759474,-6.030392,1.4514704,2.7792119,0.1135876,6.2643105,5.6107517
29.9259072,-6.0482454,1.4039723,2.7848575,0.1088823,6.3088993,5.7555628
29.975867,-6.065767,1.3565648,2.7902362,0.1039122,6.3543137,5.9148968
30.0258268,-6.0829779,1.3092367,2.7953389,0.0986911,6.4006497,6.0843066
30.0757866,-6.099899,1.2619767,2.8001571,0.0932342,6.4479654,6.2594461
30.1257463,-6.1165513,1.2147736,2.8046827,0.0875579,6.4962835,6.4360755
30.1757061,-6.1329558,1.167616,2.8089086,0.0816796,6.5455931,6.6100595
30.2256659,-6.1491336,1.1204927,2.8128278,0.0756177,6.595852,6.7773623
30.2756257,-6.1651055,1.0733925,2.8164345,0.0693915,6.6469884,6.9340437
30.3255854,-6.1808926,1.026304,2.8197232,0.0630208,6.698903,7.0762577
30.3755452,-6.1965158,0.9792159,2.8226892,0.0565261,6.7514708,7.200255
30.425505,-6.2119963,0.9321171,2.8253285,0.0499284,6.8045429,7.3023919
30.4754648,-6.2273549,0.8849962,2.8276377,0.043249,6.8579483,7.3791454
30.5254246,-6.2426126,0.8378419,2.8296144,0.0365094,6.911496,7.4271346
30.5753843,-6.2577905,0.790643,2.8312566,0.029731,6.9649761,7.4431501
30.6253441,-6.2729095,0.7433882,2.8325631,0.0229354,7.0181628,7.4241887
30.6753039,-6.2879907,0.6960662,2.8335335,0.0161438,7.0708154,7.3674953
30.7252637,-6.3030549,0.6486658,2.8341679,0.0093774,7.1226812,7.2706099
